{
    "tactile_mean": [0.6234687568296101, 0.4473433504166392, 0.5247292468417972], 
    "tactile_std": [0.16458128838663075, 0.17134032216538317, 0.21147269102429556]
}